{
    "memory_layout": "NCHW",
    "inputs": [
        {
            "name": "images",
            "shape": [
                -1,
                3,
                640,
                640
            ],
            "dtype": "float32"
        }
    ],
    "outputs": [
        {
            "name": "output"
        }
    ],
    "batching": "True",
    "use_gpu": "True",
    "cross_requests_batching": "True",
    "profile": {
        "640": [
            {
                "batchSize": 1,
                "fps": 55.33101915872473,
                "latencyE2e": {
                    "mean": 18.073045015335083,
                    "std": 0.22739647045085135,
                    "min": 15.776872634887695,
                    "max": 19.697189331054688
                },
                "gpuMemUsage": 917.0
            },
            {
                "batchSize": 2,
                "fps": 58.931763572756715,
                "latencyE2e": {
                    "mean": 33.93755555152893,
                    "std": 0.4372681317644386,
                    "min": 29.031753540039062,
                    "max": 35.45403480529785
                },
                "gpuMemUsage": 917.0
            },
            {
                "batchSize": 3,
                "fps": 59.56754765711712,
                "latencyE2e": {
                    "mean": 50.362993240356445,
                    "std": 0.7521104966040476,
                    "min": 44.25549507141113,
                    "max": 53.07173728942871
                },
                "gpuMemUsage": 1173.0
            },
            {
                "batchSize": 4,
                "fps": 60.78448378803186,
                "latencyE2e": {
                    "mean": 65.8062674999237,
                    "std": 0.8422900635605809,
                    "min": 59.91363525390625,
                    "max": 68.32456588745117
                },
                "gpuMemUsage": 1173.0
            }
        ]
    }
}